{"n1MrhDtnBjaBSp8s2JVjYwTTcJKCHJ76J4R":875.7292688540459,"n1TWRSmbiaWBZ73rkQQLY9arjKSwPPKBA2J":234.5672083079094,"n1VbPmrmuqCnK5tfFY7k7jKiH1oP4hHjHsw":136.09925590220465,"n1Xmzv9AoSwkuEd3x88wJMbpj2uYduT7kLx":71.11370214214699,"n1PzDe8F5W6Axoi1X1whT7n9q9GWG3pffJJ":54.18612776086996,"n1Jg6c2sC1j8gyb27uq4DTxRBonJiEN9pDt":51.72031846664197,"n1U5oPc1HzFdWfyPRDPNQdXt37h5vHs6K96":43.88181875749111,"n1ccavjmiDhW8hS3svsk593tRkVvbHmCGVx":43.25920201287442,"n1S5t8thQEvR6eXYX9qjuqKVC4fsHUBevdS":40.820913692230405,"n1Eezw2HBH1NCsXN562zxoaKYFGEtLituhf":34.99974443063668,"n1T4ryXMqJoXYCH3ZydQW4V8susStZXNmRD":23.338803287364197,"n1FDgHUquS4vEewpNfdZdH4h468wzj5jqrd":21.531750970196928,"n1S2Xurm6kFSzRxgTV1j3CLjmgm63MMX4qN":19.004805968371247,"n1QEeRjnvkg3fUG7qL4uuqK4uKCSvnJKhM6":18.359730765425937,"n1TM93BUwxnHarBjXBc7AAFRBYqvuwBoJ25":17.225688875448277,"n1Qa9H6iHFCnNnkAcUhqZFGgBJZ321VSJBr":14.117457545126967,"n1cg9z75vTW1pKfgozXUxrZj8PEiGR2a3Fc":14.074650546176148,"n1Fsm2wfveFPN1AAQGJR6gxhHSCR1riEL4L":11.325492865073489,"n1LyF746PnyLHdqKSeBhEVPdjZRHgtJemvo":11.283004864899004,"n1cBgMH4frfG1mwCBvHx7G9giwF7TtRKt7Y":11.026640454791536,"n1VJ55u1vNUTcsrkx9hFjJjMrxFnUhSimFi":9.984077891710987,"n1aJXsZCGw4bsn5UJaqASrsmUqbfVPoeRG6":9.77825581428996,"n1L7xM93uk5GMJvu3EyWoZXaps4X9JrYXRR":8.286381742993921,"n1HTEmh96nWz57iYhjwsBttR5MwVVy1nFD9":7.67713489457401,"n1N4B1LcxM2bWkrfiSQ5L3qvGuFdGHKmhPi":7.501037009557602,"n1ULQeCi1FEbDn4tktufhzZXCTnv4eJQb4C":7.37149236315566,"n1KNEPoZyEFX6jYeCErL374kJacrkfkV7vM":7.17855192672946,"n1S4FNztqVKEJYgkDyGhzgUL4BFKoUgWShy":7.127663588117864,"n1K637WcSxXbQTtd3dybPAVL7Qru8vtVycb":6.877366368145869,"n1aQzxuEARSZnrwnmwrV7WScbfgsgq6DNGh":6.816746581467639,"n1JTrcTZe9ssDDN6ztoPzxBifPXFfrRnMev":6.569786573212899,"n1Ma5cfowD8u6Ez2hAssbeRTZ9C64FKTMUr":6.562014220452973,"n1Eps9T2M13qrQeShiaAMBE9C2pnq43qBuV":5.747542334201988,"n1LJXoSow23Ts5wd2XcYKSYsvXRf6u7rqce":5.644151303088552,"n1HVtTZW7V7U4BSXfcWFW33wceGc7R24CqF":4.7408252885897895,"n1NqD4M7ByK8tXggUHin6PNvh9ejeKzLsSs":4.319892888843265,"n1cxa9BmLFCoA8cuwUZm7f2NTQ7xiPNfwEt":4.228970371231268,"n1PevwxhY2geRzatYmBptcxrLMEkAZEZXkw":4.183352458357794,"n1PdVdg391VPaNJofySnAQREp8Nd8AYd6rL":4.0692597002438715,"n1TGXhbG1MA6fF4CgxCHY4JZbJnj4aYBPp2":3.9927516241952676,"n1HM73L83m59xKUsVGvBuWFJe5PZhpfuXBD":3.9190603098751047,"n1VVSDMRrLgSxKPBjoZGMNbSfukAjSC3x96":3.876004470010587,"n1YgWn8bWrZiUBnkdcou16znraeXw5psi4d":3.745015158377767,"n1XXwJV6HRqFbrm5V3AEDednzQUX27bMBLn":3.6240983762304975,"n1U6vjd62CkLVWnKKxVe3x1jeLPFwoNfdX6":3.5962801488254827,"n1N46SYZvh7hRc5NRFcFx7rTjZ48TgX7ch8":3.5584398526246415,"n1RYmJ33pM5qKdVkW2ytHgevGSvctH7Q7Qq":3.5251816700459377,"n1V5kNckLjKXJvTaGshp9zrJPtnCYZ5Cyou":3.4775214813854456,"n1Kmnj2xGd7BagKNtiNFuAF9amExrczdwzM":3.1978372689783683,"n1Lek84T9Jrc8Kf5gRpTX8uf8HbRF4XSJrX":2.9192251653062753,"n1PiytytVvBsDgQEaE4KAhufcnHC9u8fMWR":2.8635995102000713,"n1FKpbEDDuL4CpkDPwt52HrjH2nt1W8bbuq":2.8499533025320836,"n1WC5YbprRzquHFx8Vrhu35GTQmYFY5hGE9":2.7542060780243647,"n1GGC4om5KcxUMGnLGYtpjnLEEQTQhFhjCi":2.627556091508983,"n1JZaqoaoBZDoP3Sm8N45qduxFuEXxmDAd2":2.513198620294642,"n1JfJL3VvVmMp3jVWbQYTMGonQKD5hLUwHP":2.4390708986777483,"n1JjkASp3ZYcSDAddBBKgGwZRRwdLgH27Xv":2.32903948822891,"n1JLxpjKjABhboUUxRypP5Go9HaXBmAQo14":2.1574256977085127,"n1bGuRqppXUL9EbNAiUBCcefFJs5EEgCdfs":2.004054914062352,"n1HDygSn9Q5fHCurrdDnPZ7Knv6uBAk7GFj":1.9681480548550083,"n1FJnY7knURUeuqG11cFHuBsraiEp4UDUMZ":1.8523363087534546,"n1JgZ9Vs43W8BWhVRr6jrK4fonPmWTbAkHR":1.708981700877186,"n1ckVU3BKx3z8BedNB2Z2WU1yjpEJatbdXk":1.7004282712251924,"n1FtN3SL8qDbuLWhXJExb1CkpRsQaESoVH3":1.5647584618104426,"n1UzGf6bUyF9gaDVM18hTU8E9gyspu2Sf6K":1.466514662480675,"n1UKWyKoDtMdmsomgQmsDa2rPMWLKVfEYp1":1.4356909570574634,"n1PoamCYor1sTJwB74WTX43xYMvcFFN5eXT":1.4242528693212444,"n1aLp3piCN1UW8pBjC44bbgmK5eVpnV8zsZ":1.41898632827023,"n1ToS7AZdLgd4TBcE4QjcN4Pa7khtFXFzp4":1.371293043960908,"n1Qz4jgmCjBT4qHNE7bSZq5vEPzKHS2dcC5":1.3452553409583892,"n1JfkZysccpyZ3z8N9KanZofiGqmLdoTQDn":1.3390925518009051,"n1TMbMyGk6pM63dikViE1Y4dHyJkAv6zcf8":1.3251594033250957,"n1NP8PJbfnUma4XaQqBSAuuF5yEuD4Dtd52":1.2655832198354349,"n1LEim3N3iCEXNShQ3crQpASqb5kkHoTjR5":1.25430768879118,"n1NaU3vB8DQEuUC3FSgMDA2ngKnbrvtLP1r":1.1511384257157167,"n1HibWNJ1twG5T53MjpAoawsi9XXqWmiA5J":1.141103131346531,"n1Z8rJk4f6RneSs3QPZTSAGEEMawkXzvy4M":1.1130420361821083,"n1MtdMKEynnYje8PxqDyTLSRhuCzeBQgYJH":1.1060448803525649,"n1LFjswY4xnMp3ifqNg6DnBQA9EEocQwm98":1.0912991476420204,"n1YPTpxanVSU24cpTLpyvPKHi8MzbLqFaDc":1.0589645441394768,"n1daCW3JpbvZpwVBZP1j6SGbiNeaRSuSyT7":1.0352387825785447,"n1UezvCisGiNyGh2iUap9V3vm3j2EqWf2iF":1.0156528078539657,"n1N4mztKGhdaJcfpJxdTUBLDjNdJjTmEfR4":1.0146242373693732,"n1cze8UYSPaHcCWw3Uya4YPLoPqawnjVoop":0.9843271421321595,"n1RRDkd9kfepY1ewkJCSHDFNFNjdHvpa8xF":0.9838132652919828,"n1SMsz3DfHatSS45BhbuW6TiJ2fuq7wKrqC":0.9782711584275845,"n1aRFoG382PAoesfWQ2Sk7huoeyJVukJ6Mw":0.9647349967191476,"n1KuDJ4uBRCH2pjYSofY5tyKr87evJ9fzD3":0.9479631483423361,"n1UeMrvdzZJFLCqtZLKvxAtGm6YuwyUZGnq":0.9213378583959165,"n1RWLqtzYa8qCvw2CrxQtw675Y4nxUDFW3c":0.9061543059191681,"n1biYGcAkBbifmFPypuS3uo4P5b1pAJMNtQ":0.8249938229077151,"n1ZGtNC2gVnEPRs55DFsejXSXHp6xdTL1Wv":0.8205027237146634,"n1QE3baSFmxQwQTQNczFa45qZnFRgXKVxxD":0.8009990076317863,"n1ZbCd4piqUGLuXQb28YyMShPSnf2Yj9hmz":0.7949001591717852,"n1TBhCYvboqeu9AUYiAJGhDirZbQzF8yPse":0.7790249302845028,"n1LfRJJCzi5ULQPk2aRsB6bstmRkHsHxPb4":0.7753732724010503,"n1SF6QfGT2KVu3JgKQvES2atJQCp561Y1SC":0.7596709916511837,"n1Rc8FHAvxYh53QghFYqNpBthzqye9L21fY":0.723714099144088,"n1SevS6mVwFSJqpKVLxeciKeF5ozqqcaLWc":0.6865130405685319,"n1UCAiAcsxe5DdfeZnpeEje2UtGowrr1sPw":0.6836942293144357,"n1FLcVWPs3maaSavX8CXam1nERP7phJerbc":0.675500070693073,"n1GkaNKzUWQGGR1o6Zi7KnazFo7pvZgGPXC":0.6541305642106008,"n1TdiS3Rk4X1Ku5CRZcmuCWCBrtux5h9Pf2":0.6411730729005759,"n1UTdNxmf2kpfGbjmn8PgAdxSQmjdxyBBs5":0.6336960001524802,"n1ULVSTVo3fMMn4siP7jhoNdZaacWnU8aat":0.6301394214605405,"n1LbUrGJSRy1WuaZajQRuYVyyXeYivR2YFc":0.6298876583642528,"n1Was1ocb973GtCy2uRcr3dCSWgdQGKYJ7W":0.5738687136453536,"n1Pqez3DHyXMBqrMdFE6dGKzCKt9sbez1mw":0.5734951294096892,"n1Wtby3Pv2k66w9DMHaSmM7DYMFuqiQQcF8":0.5611197268450727,"n1FnqmED3zBR5DdCbTF5263dsTvbHvJeYH8":0.5570190886468163,"n1FjsC4KFEJjb888wGDfDA1ZJj9qLE9LxbN":0.55096372623089,"n1b1Sf7KLzhx152VFJNgyRFdMoVoohm1F1w":0.5503658454586141,"n1Mbt7WvyWgEeXeBXoX9qxLbWYyJ5UHCiit":0.516169228984328,"n1R9jHsXyEKQredhrtXwp37rV88kycxNHZL":0.5126506118191925,"n1M1GrojbpHV7yWPJ86wo3viiH8veZxioYB":0.4725744276178406,"n1EbwvGn3paB8Vw4YL6NyXKfnZSfmAGrKz2":0.4657865163124047,"n1UrViWWb4d6wXw4yAugBAhXJFZWkyWiDdW":0.45324025356401204,"n1RaFgiLe1SaH1hXgfvrHAGETCoEw5Lx8GY":0.4321763018504515,"n1GrRx3rTWVtYDWq6THYtPP28Zp2zzjFXH7":0.4232136490047321,"n1XgWDTZatXApchJNcTJLi1WfuULFwd6LpK":0.4214270758241606,"n1Yq6EAoMcfNPnMEe6JfeXaKN6bwc8ZoFpa":0.41893724981410246,"n1MdufKK5pgaASRc21gFYroztFrcXF6iyHV":0.40334043927349034,"n1MqYPvnAVHgkTd6tVAXUw3UoSQ5CYEaGUY":0.379917888367775,"n1dNmXEQ4JwqUjAShBsdJtpWLcAEYQj2z1S":0.36824363811132627,"n1SMjFEFiYuRxSWZNPiyrwj3aoKcRzN9WhY":0.3605048710202006,"n1G6m4astoFWBneyXPRykTUr7JxR4S52Jee":0.34318648955044984,"n1YXRMiHnsoU9zY6bPCBV32r347rMxBpYqv":0.324130320246167,"n1EgjmvSrDHgcXXLgZEEuvjJoKUNa3Jgfqb":0.31997486384277757,"n1W8BVWFo2QLYhsWiprdaNLZyUx1vc1rTN2":0.31165410092634815,"n1HuNaS1eiPF3D3aWHyi5DnshiG5BucdtAa":0.3072304757052176,"n1cAbqvXYhtdZ7DqhYGrXg6tj4cENdVWtTh":0.2843185311817811,"n1TWcy6GxDFD19FcQzqJ1YEUuqdnF9ZJSJn":0.27890484727004766,"n1Jusq2tKYZoZdfXypW27gtqWZTwTHyWsb4":0.2759047071542246,"n1RkTtzXx1UnsQiAR5jv7eEMZJmJsos2MTh":0.26109989024750335,"n1MuThR8dz6MGmQ8KVTYrZATbUBPp9LxUTM":0.2419519270864924,"n1cEmF7F5nw3QSPinwKJwdLveKatUaKxSR3":0.22793232625331564,"n1FEvhC6Fn6h4nQigU7fTjyxE7xYR7P36z9":0.21978926001678628,"n1XNa89VzHcS7a7scSdiw5wdAN1y4sffFBj":0.21560260418824434,"n1G9H3Nj2dSYvNfeKDGDHeoYmetfBzyWH7b":0.182637115450082,"n1KURWyU7cb5fTLdUgktBgxzTwkvy5Ls1H6":0.181974276162443,"n1aMxrPCZK1brRwQfSAi6KPf4TYPL5eWLgL":0.17968326067691176,